DROP DATABASE DYX;

CREATE DATABASE DYX;

CREATE TABLE DYX.CFG_FLOW
(
   CFG_ID               CHAR(32) NOT NULL,
   FLOW_ID              CHAR(4),
   FLOW_SEG             CHAR(4),
   ACTN_ID              CHAR(4),
   POST_SEG             CHAR(4),
   DISP_ORD             INTEGER,
   VALID                CHAR(1),
   PRIMARY KEY (CFG_ID)
);

CREATE TABLE DYX.CFG_MENU
(
   MENU_ID              VARCHAR(20) NOT NULL,
   MENU_NAME            VARCHAR(20),
   MENU_LINK            VARCHAR(100),
   MENU_ICON            VARCHAR(20),
   PARENT_ID            VARCHAR(20),
   AUTH_ID              CHAR(4),
   DISP_ORD             INTEGER,
   VALID                CHAR(1),
   PRIMARY KEY (MENU_ID)
);

CREATE TABLE DYX.CFG_ROLE_AUTH
(
   CFG_ID               CHAR(32) NOT NULL,
   ROLE_ID              CHAR(4),
   AUTH_ID              CHAR(4),
   PRIMARY KEY (CFG_ID)
);

CREATE TABLE DYX.DIC_ACTN
(
   ACTN_ID              CHAR(4) NOT NULL,
   ACTN_NAME            VARCHAR(20),
   DISP_ORD             INTEGER,
   PRIMARY KEY (ACTN_ID)
);

CREATE TABLE DYX.DIC_AUTH
(
   AUTH_ID              CHAR(4),
   AUTH_NAME            VARCHAR(20)
);

CREATE TABLE DYX.DIC_FLOW
(
   FLOW_ID              CHAR(4),
   FLOW_NAME            VARCHAR(20)
);

CREATE TABLE DYX.DIC_ROLE
(
   ROLE_ID              CHAR(4),
   ROLE_NAME            VARCHAR(20)
);

CREATE TABLE DYX.DIC_SEG
(
   SEG_ID               CHAR(4),
   SEG_NAME             VARCHAR(20),
   SEG_STAT             VARCHAR(20),
   SEG_SORT             CHAR(1)
);

CREATE TABLE DYX.DYX_INST
(
   INST_ID              CHAR(32) NOT NULL,
   INST_NAME            VARCHAR(20),
   PRIMARY KEY (INST_ID)
);

CREATE TABLE DYX.DYX_INST_RULE
(
   RULE_ID              CHAR(32) NOT NULL,
   INST_ID              CHAR(32),
   INST_PERIOD          VARCHAR(20),
   INST_MON_RATE        DECIMAL(18,4),
   INST_FEE             DECIMAL(18,4),
   REP_METHOD           CHAR(1),
   DW_PAY_AMT           DECIMAL(18,2),
   INST_STAT            CHAR(1),
   DISP_ORD             INTEGER,
   PRIMARY KEY (RULE_ID)
);

CREATE INDEX IDX_DYX_INST_RULE ON DYX.DYX_INST_RULE
(
   INST_ID
);

CREATE TABLE DYX.DYX_ORD
(
   ORD_ID               CHAR(32) NOT NULL,
   ORD_NO               VARCHAR(50),
   ORD_TYPE             CHAR(1),
   ORD_DATE             DATETIME,
   ORD_AMT              DECIMAL(18,2),
   REC                  VARCHAR(50),
   REC_TEL              VARCHAR(30),
   AGT                  VARCHAR(50),
   AGT_NO               VARCHAR(50),
   AGT_TEL              VARCHAR(30),
   SHOP_NO              VARCHAR(50),
   SHOP_NAME            VARCHAR(100),
   SHOP_PROV            VARCHAR(6),
   SHOP_CITY            VARCHAR(6),
   SHOP_DIST            VARCHAR(6),
   SHOP_ADDR            VARCHAR(100),
   PRD_NAME             VARCHAR(100),
   PRD_BRAND            VARCHAR(20),
   PRD_TYPE             VARCHAR(10),
   PRD_SPEC             VARCHAR(20),
   PRD_COLOR            VARCHAR(20),
   PRD_COUNT            INTEGER,
   PRD_ORI_PRIC         DECIMAL(18,2),
   PRD_CUR_PRIC         DECIMAL(18,2),
   AUDT_STAT            CHAR(4),
   BANK_STAT            CHAR(1),
   LAST_OP_DATE         DATETIME,
   LAST_OP_USER         VARCHAR(50),
   TOKEN                VARCHAR(50),
   PRIMARY KEY (ORD_ID)
);

CREATE INDEX IDX_DYX_ORD_01 ON DYX.DYX_ORD
(
   SHOP_PROV
);

CREATE INDEX IDX_DYX_ORD_02 ON DYX.DYX_ORD
(
   SHOP_CITY
);

CREATE INDEX IDX_DYX_ORD_03 ON DYX.DYX_ORD
(
   SHOP_DIST
);

CREATE INDEX IDX_DYX_ORD_04 ON DYX.DYX_ORD
(
   ORD_DATE
);

CREATE INDEX IDX_DYX_ORD_05 ON DYX.DYX_ORD
(
   AUDT_STAT
);

CREATE TABLE DYX.DYX_ORD_EVAL
(
   EVAL_ID              CHAR(32) NOT NULL,
   ORD_ID               CHAR(32),
   EVAL_NAME            VARCHAR(50),
   EVAL_CONT            VARCHAR(50),
   PRIMARY KEY (EVAL_ID)
);

CREATE INDEX IDX_DYX_ORD_EVAL_01 ON DYX.DYX_ORD_EVAL
(
   ORD_ID
);

CREATE TABLE DYX.DYX_ORD_METR
(
   METR_ID              CHAR(32) NOT NULL,
   ORD_ID               CHAR(32),
   METR_NO              VARCHAR(50),
   METR_DATE            DATETIME,
   INST_ORG             VARCHAR(20),
   INST_NAME            VARCHAR(20),
   INST_PERIOD          VARCHAR(5),
   INST_AMT             DECIMAL(18,2),
   INST_OOP_AMT         DECIMAL(18,2),
   INST_MON_INTR_RATE   DECIMAL(18,4),
   INST_MON_SERV_RATE   DECIMAL(18,4),
   INST_PREM_RATE       DECIMAL(18,4),
   INST_REP_AMT         DECIMAL(18,2),
   INST_REP_DATE        VARCHAR(20),
   APL                  VARCHAR(50),
   APL_NAME             VARCHAR(50),
   APL_TEL              VARCHAR(30),
   APL_MOB              VARCHAR(30),
   APL_MAIL             VARCHAR(50),
   APL_IDC              VARCHAR(18),
   APL_IDC_EXP          DATE,
   APL_BANK             VARCHAR(20),
   APL_BANK_CARD        VARCHAR(20),
   APL_BANK_MOB         VARCHAR(30),
   APL_AGE              INTEGER,
   APL_SEX              CHAR(1),
   APL_EDU              VARCHAR(20),
   APL_MARI             VARCHAR(20),
   APL_PROV             VARCHAR(6),
   APL_CITY             VARCHAR(6),
   APL_DIST             VARCHAR(6),
   APL_ADDR             VARCHAR(50),
   APL_HOME_STAT        VARCHAR(20),
   APL_RESD_PERIOD      VARCHAR(10),
   APL_EMP_TYPE         VARCHAR(10),
   APL_COMPANY          VARCHAR(50),
   APL_COMP_ADDR        VARCHAR(50),
   APL_COMP_TEL         VARCHAR(30),
   APL_COMP_NATU        VARCHAR(20),
   APL_COMP_SIZE        VARCHAR(20),
   APL_JOB_TITLE        VARCHAR(20),
   APL_JOB_YEAR         VARCHAR(20),
   APL_JOB_INCOME       DECIMAL(18,2),
   APL_JOB_SPEC         VARCHAR(20),
   TAB_AUDT             VARCHAR(10),
   PRIMARY KEY (METR_ID)
);

CREATE INDEX IDX_DYX_ORD_METR_01 ON DYX.DYX_ORD_METR
(
   ORD_ID
);

CREATE TABLE DYX.DYX_ORD_METR_ATTACH
(
   ATCH_ID              CHAR(32) NOT NULL,
   METR_ID              CHAR(32),
   ATCH_TYPE            CHAR(1),
   ATCH_NAME            VARCHAR(100),
   DISP_ORD             INTEGER,
   PRIMARY KEY (ATCH_ID)
);

CREATE INDEX IDX_DYX_ORD_METR_ATTACH_01 ON DYX.DYX_ORD_METR_ATTACH
(
   METR_ID
);

CREATE TABLE DYX.DYX_ORD_METR_CONTACT
(
   CONT_ID              CHAR(32) NOT NULL,
   METR_ID              CHAR(32),
   NAME                 VARCHAR(30),
   TEL                  VARCHAR(30),
   REL                  VARCHAR(10),
   DISP_ORD             INTEGER,
   PRIMARY KEY (CONT_ID)
);

CREATE INDEX IDX_DYX_ORD_METR_CONTACT_01 ON DYX.DYX_ORD_METR_CONTACT
(
   METR_ID
);

CREATE TABLE DYX.DYX_ORD_PROC
(
   PROC_ID              CHAR(32) NOT NULL,
   ORD_ID               CHAR(32),
   OP_DATE              DATETIME,
   OP_USER              VARCHAR(50),
   OP_USER_ID           CHAR(32),
   OP_USER_ROLE         VARCHAR(20),
   OP_SEG               CHAR(4),
   OP_ACTN              CHAR(4),
   OP_MEMO              VARCHAR(1000),
   PRIMARY KEY (PROC_ID)
);

CREATE INDEX IDX_DYX_ORD_PROC_01 ON DYX.DYX_ORD_PROC
(
   ORD_ID
);

-- SELECT * FROM DYX.CFG_FLOW ORDER BY FLOW_ID, FLOW_SEG, DISP_ORD;
TRUNCATE TABLE DYX.CFG_FLOW;
INSERT INTO DYX.CFG_FLOW (CFG_ID, FLOW_ID, FLOW_SEG, ACTN_ID, POST_SEG, VALID, DISP_ORD) VALUES (REPLACE(UUID(), '-', ''), '0001', '0002', '0001', '0003', '1', 1);
INSERT INTO DYX.CFG_FLOW (CFG_ID, FLOW_ID, FLOW_SEG, ACTN_ID, POST_SEG, VALID, DISP_ORD) VALUES (REPLACE(UUID(), '-', ''), '0001', '0002', '0002', '0004', '1', 2);
INSERT INTO DYX.CFG_FLOW (CFG_ID, FLOW_ID, FLOW_SEG, ACTN_ID, POST_SEG, VALID, DISP_ORD) VALUES (REPLACE(UUID(), '-', ''), '0001', '0002', '0003', '0005', '1', 3);
INSERT INTO DYX.CFG_FLOW (CFG_ID, FLOW_ID, FLOW_SEG, ACTN_ID, POST_SEG, VALID, DISP_ORD) VALUES (REPLACE(UUID(), '-', ''), '0001', '0005', '0004', '0006', '1', 1);
INSERT INTO DYX.CFG_FLOW (CFG_ID, FLOW_ID, FLOW_SEG, ACTN_ID, POST_SEG, VALID, DISP_ORD) VALUES (REPLACE(UUID(), '-', ''), '0001', '0005', '0002', '0004', '1', 2);
INSERT INTO DYX.CFG_FLOW (CFG_ID, FLOW_ID, FLOW_SEG, ACTN_ID, POST_SEG, VALID, DISP_ORD) VALUES (REPLACE(UUID(), '-', ''), '0001', '0005', '0005', '0007', '1', 3);
INSERT INTO DYX.CFG_FLOW (CFG_ID, FLOW_ID, FLOW_SEG, ACTN_ID, POST_SEG, VALID, DISP_ORD) VALUES (REPLACE(UUID(), '-', ''), '0001', '0008', '0001', '0003', '1', 1);
INSERT INTO DYX.CFG_FLOW (CFG_ID, FLOW_ID, FLOW_SEG, ACTN_ID, POST_SEG, VALID, DISP_ORD) VALUES (REPLACE(UUID(), '-', ''), '0001', '0008', '0002', '0004', '1', 2);
INSERT INTO DYX.CFG_FLOW (CFG_ID, FLOW_ID, FLOW_SEG, ACTN_ID, POST_SEG, VALID, DISP_ORD) VALUES (REPLACE(UUID(), '-', ''), '0001', '0008', '0003', '0005', '1', 3);
INSERT INTO DYX.CFG_FLOW (CFG_ID, FLOW_ID, FLOW_SEG, ACTN_ID, POST_SEG, VALID, DISP_ORD) VALUES (REPLACE(UUID(), '-', ''), '0002', '0001', '0001', '0003', '1', 1);
INSERT INTO DYX.CFG_FLOW (CFG_ID, FLOW_ID, FLOW_SEG, ACTN_ID, POST_SEG, VALID, DISP_ORD) VALUES (REPLACE(UUID(), '-', ''), '0002', '0001', '0002', '0004', '1', 2);
INSERT INTO DYX.CFG_FLOW (CFG_ID, FLOW_ID, FLOW_SEG, ACTN_ID, POST_SEG, VALID, DISP_ORD) VALUES (REPLACE(UUID(), '-', ''), '0002', '0001', '0003', '0005', '1', 3);
INSERT INTO DYX.CFG_FLOW (CFG_ID, FLOW_ID, FLOW_SEG, ACTN_ID, POST_SEG, VALID, DISP_ORD) VALUES (REPLACE(UUID(), '-', ''), '0002', '0005', '0004', '0006', '1', 1);
INSERT INTO DYX.CFG_FLOW (CFG_ID, FLOW_ID, FLOW_SEG, ACTN_ID, POST_SEG, VALID, DISP_ORD) VALUES (REPLACE(UUID(), '-', ''), '0002', '0005', '0002', '0004', '1', 2);
INSERT INTO DYX.CFG_FLOW (CFG_ID, FLOW_ID, FLOW_SEG, ACTN_ID, POST_SEG, VALID, DISP_ORD) VALUES (REPLACE(UUID(), '-', ''), '0002', '0005', '0005', '0007', '1', 3);
INSERT INTO DYX.CFG_FLOW (CFG_ID, FLOW_ID, FLOW_SEG, ACTN_ID, POST_SEG, VALID, DISP_ORD) VALUES (REPLACE(UUID(), '-', ''), '0003', '0012', '0006', '0013', '1', 1);
INSERT INTO DYX.CFG_FLOW (CFG_ID, FLOW_ID, FLOW_SEG, ACTN_ID, POST_SEG, VALID, DISP_ORD) VALUES (REPLACE(UUID(), '-', ''), '0003', '0012', '0002', '0011', '1', 2);
INSERT INTO DYX.CFG_FLOW (CFG_ID, FLOW_ID, FLOW_SEG, ACTN_ID, POST_SEG, VALID, DISP_ORD) VALUES (REPLACE(UUID(), '-', ''), '0003', '0012', '0007', '0014', '1', 3);
INSERT INTO DYX.CFG_FLOW (CFG_ID, FLOW_ID, FLOW_SEG, ACTN_ID, POST_SEG, VALID, DISP_ORD) VALUES (REPLACE(UUID(), '-', ''), '0003', '0014', '0006', '0015', '1', 1);
INSERT INTO DYX.CFG_FLOW (CFG_ID, FLOW_ID, FLOW_SEG, ACTN_ID, POST_SEG, VALID, DISP_ORD) VALUES (REPLACE(UUID(), '-', ''), '0003', '0014', '0002', '0011', '1', 2);
INSERT INTO DYX.CFG_FLOW (CFG_ID, FLOW_ID, FLOW_SEG, ACTN_ID, POST_SEG, VALID, DISP_ORD) VALUES (REPLACE(UUID(), '-', ''), '0003', '0014', '0007', '0016', '1', 3);

-- SELECT * FROM DYX.CFG_MENU ORDER BY MENU_ID, DISP_ORD;
TRUNCATE TABLE DYX.CFG_MENU;
INSERT INTO DYX.CFG_MENU (MENU_ID, MENU_NAME, MENU_LINK, PARENT_ID, AUTH_ID, VALID, MENU_ICON, DISP_ORD) VALUES ('0001', '分期订单预审', NULL, NULL, '1000', '1', '&#xe601;', 1);
INSERT INTO DYX.CFG_MENU (MENU_ID, MENU_NAME, MENU_LINK, PARENT_ID, AUTH_ID, VALID, MENU_ICON, DISP_ORD) VALUES ('0001_001', '自主办理订单', 'ord/audit/list/1?ordType=1', '0001', '1001', '1', NULL, 1);
INSERT INTO DYX.CFG_MENU (MENU_ID, MENU_NAME, MENU_LINK, PARENT_ID, AUTH_ID, VALID, MENU_ICON, DISP_ORD) VALUES ('0001_002', '客服代办订单', 'ord/audit/list/1?ordType=2', '0001', '1002', '1', NULL, 2);
INSERT INTO DYX.CFG_MENU (MENU_ID, MENU_NAME, MENU_LINK, PARENT_ID, AUTH_ID, VALID, MENU_ICON, DISP_ORD) VALUES ('0002', '分期订单管理', NULL, NULL, '2000', '1', '&#xe600;', 2);
INSERT INTO DYX.CFG_MENU (MENU_ID, MENU_NAME, MENU_LINK, PARENT_ID, AUTH_ID, VALID, MENU_ICON, DISP_ORD) VALUES ('0002_001', '贷后资料管理', 'ord/audit/list/2', '0002', '2001', '1', NULL, 1);
INSERT INTO DYX.CFG_MENU (MENU_ID, MENU_NAME, MENU_LINK, PARENT_ID, AUTH_ID, VALID, MENU_ICON, DISP_ORD) VALUES ('0003', '放款管理', 'demo/fkgl.html', NULL, '3000', '1', '&#xe603;', 3);
INSERT INTO DYX.CFG_MENU (MENU_ID, MENU_NAME, MENU_LINK, PARENT_ID, AUTH_ID, VALID, MENU_ICON, DISP_ORD) VALUES ('0004', '还款管理', 'demo/hkgl.html', NULL, '4000', '1', '&#xe604;', 5);
INSERT INTO DYX.CFG_MENU (MENU_ID, MENU_NAME, MENU_LINK, PARENT_ID, AUTH_ID, VALID, MENU_ICON, DISP_ORD) VALUES ('0005', '逾期管理', 'demo/yqgl.html', NULL, '5000', '1', '&#xe605;', 6);
INSERT INTO DYX.CFG_MENU (MENU_ID, MENU_NAME, MENU_LINK, PARENT_ID, AUTH_ID, VALID, MENU_ICON, DISP_ORD) VALUES ('0006', '分期业务管理', 'inst/list', NULL, '6000', '1', '&#xe602;', 7);
INSERT INTO DYX.CFG_MENU (MENU_ID, MENU_NAME, MENU_LINK, PARENT_ID, AUTH_ID, VALID, MENU_ICON, DISP_ORD) VALUES ('0007', '账户管理', NULL, NULL, '7000', '1', '&#xe607;', 8);
INSERT INTO DYX.CFG_MENU (MENU_ID, MENU_NAME, MENU_LINK, PARENT_ID, AUTH_ID, VALID, MENU_ICON, DISP_ORD) VALUES ('0007_001', '修改密码', 'passport/pwd/change', '0007', '7001', '1', NULL, 1);
INSERT INTO DYX.CFG_MENU (MENU_ID, MENU_NAME, MENU_LINK, PARENT_ID, AUTH_ID, VALID, MENU_ICON, DISP_ORD) VALUES ('0007_002', '日志管理', 'ord/proc/list', '0007', '7002', '1', NULL, 2);
INSERT INTO DYX.CFG_MENU (MENU_ID, MENU_NAME, MENU_LINK, PARENT_ID, AUTH_ID, VALID, MENU_ICON, DISP_ORD) VALUES ('0007_003', '信息中心', NULL, '0007', '7003', '0', NULL, 3);
INSERT INTO DYX.CFG_MENU (MENU_ID, MENU_NAME, MENU_LINK, PARENT_ID, AUTH_ID, VALID, MENU_ICON, DISP_ORD) VALUES ('0007_004', '订单中心', NULL, '0007', '7004', '0', NULL, 4);
INSERT INTO DYX.CFG_MENU (MENU_ID, MENU_NAME, MENU_LINK, PARENT_ID, AUTH_ID, VALID, MENU_ICON, DISP_ORD) VALUES ('0008', '退货管理', 'demo/thgl.html', NULL, '8000', '1', '&#xe608;', 4);

-- SELECT * FROM DYX.CFG_ROLE_AUTH ORDER BY ROLE_ID, AUTH_ID;
TRUNCATE TABLE DYX.CFG_ROLE_AUTH;
INSERT INTO DYX.CFG_ROLE_AUTH (CFG_ID, ROLE_ID, AUTH_ID) VALUES (REPLACE(UUID(), '-', ''), '0000', '1000');
INSERT INTO DYX.CFG_ROLE_AUTH (CFG_ID, ROLE_ID, AUTH_ID) VALUES (REPLACE(UUID(), '-', ''), '0000', '1001');
INSERT INTO DYX.CFG_ROLE_AUTH (CFG_ID, ROLE_ID, AUTH_ID) VALUES (REPLACE(UUID(), '-', ''), '0000', '1002');
INSERT INTO DYX.CFG_ROLE_AUTH (CFG_ID, ROLE_ID, AUTH_ID) VALUES (REPLACE(UUID(), '-', ''), '0000', '1101');
INSERT INTO DYX.CFG_ROLE_AUTH (CFG_ID, ROLE_ID, AUTH_ID) VALUES (REPLACE(UUID(), '-', ''), '0000', '1102');
INSERT INTO DYX.CFG_ROLE_AUTH (CFG_ID, ROLE_ID, AUTH_ID) VALUES (REPLACE(UUID(), '-', ''), '0000', '1103');
INSERT INTO DYX.CFG_ROLE_AUTH (CFG_ID, ROLE_ID, AUTH_ID) VALUES (REPLACE(UUID(), '-', ''), '0000', '2000');
INSERT INTO DYX.CFG_ROLE_AUTH (CFG_ID, ROLE_ID, AUTH_ID) VALUES (REPLACE(UUID(), '-', ''), '0000', '2001');
INSERT INTO DYX.CFG_ROLE_AUTH (CFG_ID, ROLE_ID, AUTH_ID) VALUES (REPLACE(UUID(), '-', ''), '0000', '2101');
INSERT INTO DYX.CFG_ROLE_AUTH (CFG_ID, ROLE_ID, AUTH_ID) VALUES (REPLACE(UUID(), '-', ''), '0000', '2102');
INSERT INTO DYX.CFG_ROLE_AUTH (CFG_ID, ROLE_ID, AUTH_ID) VALUES (REPLACE(UUID(), '-', ''), '0000', '2103');
INSERT INTO DYX.CFG_ROLE_AUTH (CFG_ID, ROLE_ID, AUTH_ID) VALUES (REPLACE(UUID(), '-', ''), '0000', '3000');
INSERT INTO DYX.CFG_ROLE_AUTH (CFG_ID, ROLE_ID, AUTH_ID) VALUES (REPLACE(UUID(), '-', ''), '0000', '4000');
INSERT INTO DYX.CFG_ROLE_AUTH (CFG_ID, ROLE_ID, AUTH_ID) VALUES (REPLACE(UUID(), '-', ''), '0000', '5000');
INSERT INTO DYX.CFG_ROLE_AUTH (CFG_ID, ROLE_ID, AUTH_ID) VALUES (REPLACE(UUID(), '-', ''), '0000', '6000');
INSERT INTO DYX.CFG_ROLE_AUTH (CFG_ID, ROLE_ID, AUTH_ID) VALUES (REPLACE(UUID(), '-', ''), '0000', '7000');
INSERT INTO DYX.CFG_ROLE_AUTH (CFG_ID, ROLE_ID, AUTH_ID) VALUES (REPLACE(UUID(), '-', ''), '0000', '7001');
INSERT INTO DYX.CFG_ROLE_AUTH (CFG_ID, ROLE_ID, AUTH_ID) VALUES (REPLACE(UUID(), '-', ''), '0000', '7002');
INSERT INTO DYX.CFG_ROLE_AUTH (CFG_ID, ROLE_ID, AUTH_ID) VALUES (REPLACE(UUID(), '-', ''), '0000', '7202');
INSERT INTO DYX.CFG_ROLE_AUTH (CFG_ID, ROLE_ID, AUTH_ID) VALUES (REPLACE(UUID(), '-', ''), '0000', '8000');
INSERT INTO DYX.CFG_ROLE_AUTH (CFG_ID, ROLE_ID, AUTH_ID) VALUES (REPLACE(UUID(), '-', ''), '0001', '1000');
INSERT INTO DYX.CFG_ROLE_AUTH (CFG_ID, ROLE_ID, AUTH_ID) VALUES (REPLACE(UUID(), '-', ''), '0001', '1001');
INSERT INTO DYX.CFG_ROLE_AUTH (CFG_ID, ROLE_ID, AUTH_ID) VALUES (REPLACE(UUID(), '-', ''), '0001', '1002');
INSERT INTO DYX.CFG_ROLE_AUTH (CFG_ID, ROLE_ID, AUTH_ID) VALUES (REPLACE(UUID(), '-', ''), '0001', '1101');
INSERT INTO DYX.CFG_ROLE_AUTH (CFG_ID, ROLE_ID, AUTH_ID) VALUES (REPLACE(UUID(), '-', ''), '0001', '1103');
INSERT INTO DYX.CFG_ROLE_AUTH (CFG_ID, ROLE_ID, AUTH_ID) VALUES (REPLACE(UUID(), '-', ''), '0001', '2000');
INSERT INTO DYX.CFG_ROLE_AUTH (CFG_ID, ROLE_ID, AUTH_ID) VALUES (REPLACE(UUID(), '-', ''), '0001', '2001');
INSERT INTO DYX.CFG_ROLE_AUTH (CFG_ID, ROLE_ID, AUTH_ID) VALUES (REPLACE(UUID(), '-', ''), '0001', '2101');
INSERT INTO DYX.CFG_ROLE_AUTH (CFG_ID, ROLE_ID, AUTH_ID) VALUES (REPLACE(UUID(), '-', ''), '0001', '2103');
INSERT INTO DYX.CFG_ROLE_AUTH (CFG_ID, ROLE_ID, AUTH_ID) VALUES (REPLACE(UUID(), '-', ''), '0001', '7000');
INSERT INTO DYX.CFG_ROLE_AUTH (CFG_ID, ROLE_ID, AUTH_ID) VALUES (REPLACE(UUID(), '-', ''), '0001', '7001');
INSERT INTO DYX.CFG_ROLE_AUTH (CFG_ID, ROLE_ID, AUTH_ID) VALUES (REPLACE(UUID(), '-', ''), '0001', '7002');
INSERT INTO DYX.CFG_ROLE_AUTH (CFG_ID, ROLE_ID, AUTH_ID) VALUES (REPLACE(UUID(), '-', ''), '0001', '7201');
INSERT INTO DYX.CFG_ROLE_AUTH (CFG_ID, ROLE_ID, AUTH_ID) VALUES (REPLACE(UUID(), '-', ''), '0002', '1000');
INSERT INTO DYX.CFG_ROLE_AUTH (CFG_ID, ROLE_ID, AUTH_ID) VALUES (REPLACE(UUID(), '-', ''), '0002', '1001');
INSERT INTO DYX.CFG_ROLE_AUTH (CFG_ID, ROLE_ID, AUTH_ID) VALUES (REPLACE(UUID(), '-', ''), '0002', '1002');
INSERT INTO DYX.CFG_ROLE_AUTH (CFG_ID, ROLE_ID, AUTH_ID) VALUES (REPLACE(UUID(), '-', ''), '0002', '1102');
INSERT INTO DYX.CFG_ROLE_AUTH (CFG_ID, ROLE_ID, AUTH_ID) VALUES (REPLACE(UUID(), '-', ''), '0002', '1103');
INSERT INTO DYX.CFG_ROLE_AUTH (CFG_ID, ROLE_ID, AUTH_ID) VALUES (REPLACE(UUID(), '-', ''), '0002', '2000');
INSERT INTO DYX.CFG_ROLE_AUTH (CFG_ID, ROLE_ID, AUTH_ID) VALUES (REPLACE(UUID(), '-', ''), '0002', '2001');
INSERT INTO DYX.CFG_ROLE_AUTH (CFG_ID, ROLE_ID, AUTH_ID) VALUES (REPLACE(UUID(), '-', ''), '0002', '2102');
INSERT INTO DYX.CFG_ROLE_AUTH (CFG_ID, ROLE_ID, AUTH_ID) VALUES (REPLACE(UUID(), '-', ''), '0002', '2103');
INSERT INTO DYX.CFG_ROLE_AUTH (CFG_ID, ROLE_ID, AUTH_ID) VALUES (REPLACE(UUID(), '-', ''), '0002', '7000');
INSERT INTO DYX.CFG_ROLE_AUTH (CFG_ID, ROLE_ID, AUTH_ID) VALUES (REPLACE(UUID(), '-', ''), '0002', '7001');
INSERT INTO DYX.CFG_ROLE_AUTH (CFG_ID, ROLE_ID, AUTH_ID) VALUES (REPLACE(UUID(), '-', ''), '0002', '7002');
INSERT INTO DYX.CFG_ROLE_AUTH (CFG_ID, ROLE_ID, AUTH_ID) VALUES (REPLACE(UUID(), '-', ''), '0002', '7201');

-- SELECT * FROM DYX.DIC_ACTN ORDER BY ACTN_ID, DISP_ORD;
TRUNCATE TABLE DYX.DIC_ACTN;
INSERT INTO DYX.DIC_ACTN (ACTN_ID, ACTN_NAME, DISP_ORD) VALUES ('0001', '初审不通过', 1);
INSERT INTO DYX.DIC_ACTN (ACTN_ID, ACTN_NAME, DISP_ORD) VALUES ('0002', '资料修改', 2);
INSERT INTO DYX.DIC_ACTN (ACTN_ID, ACTN_NAME, DISP_ORD) VALUES ('0003', '初审通过', 3);
INSERT INTO DYX.DIC_ACTN (ACTN_ID, ACTN_NAME, DISP_ORD) VALUES ('0004', '复审不通过', 1);
INSERT INTO DYX.DIC_ACTN (ACTN_ID, ACTN_NAME, DISP_ORD) VALUES ('0005', '复审通过', 3);
INSERT INTO DYX.DIC_ACTN (ACTN_ID, ACTN_NAME, DISP_ORD) VALUES ('0006', '协议审核不通过', 1);
INSERT INTO DYX.DIC_ACTN (ACTN_ID, ACTN_NAME, DISP_ORD) VALUES ('0007', '协议审核通过', 3);

-- SELECT * FROM DYX.DIC_AUTH ORDER BY AUTH_ID;
TRUNCATE TABLE DYX.DIC_AUTH;
INSERT INTO DYX.DIC_AUTH (AUTH_ID, AUTH_NAME) VALUES ('1000', '分期订单预审');
INSERT INTO DYX.DIC_AUTH (AUTH_ID, AUTH_NAME) VALUES ('1001', '自主办理订单');
INSERT INTO DYX.DIC_AUTH (AUTH_ID, AUTH_NAME) VALUES ('1002', '客服代办订单');
INSERT INTO DYX.DIC_AUTH (AUTH_ID, AUTH_NAME) VALUES ('1101', '分期订单预审-初审');
INSERT INTO DYX.DIC_AUTH (AUTH_ID, AUTH_NAME) VALUES ('1102', '分期订单预审-复审');
INSERT INTO DYX.DIC_AUTH (AUTH_ID, AUTH_NAME) VALUES ('1103', '分期订单预审-审核结束');
INSERT INTO DYX.DIC_AUTH (AUTH_ID, AUTH_NAME) VALUES ('2000', '分期订单管理');
INSERT INTO DYX.DIC_AUTH (AUTH_ID, AUTH_NAME) VALUES ('2001', '贷后资料管理');
INSERT INTO DYX.DIC_AUTH (AUTH_ID, AUTH_NAME) VALUES ('2101', '分期订单管理-初审');
INSERT INTO DYX.DIC_AUTH (AUTH_ID, AUTH_NAME) VALUES ('2102', '分期订单管理-复审');
INSERT INTO DYX.DIC_AUTH (AUTH_ID, AUTH_NAME) VALUES ('2103', '分期订单管理-审核结束');
INSERT INTO DYX.DIC_AUTH (AUTH_ID, AUTH_NAME) VALUES ('3000', '放款管理');
INSERT INTO DYX.DIC_AUTH (AUTH_ID, AUTH_NAME) VALUES ('4000', '还款管理');
INSERT INTO DYX.DIC_AUTH (AUTH_ID, AUTH_NAME) VALUES ('5000', '逾期管理');
INSERT INTO DYX.DIC_AUTH (AUTH_ID, AUTH_NAME) VALUES ('6000', '分期业务管理');
INSERT INTO DYX.DIC_AUTH (AUTH_ID, AUTH_NAME) VALUES ('7000', '账户管理');
INSERT INTO DYX.DIC_AUTH (AUTH_ID, AUTH_NAME) VALUES ('7001', '修改密码');
INSERT INTO DYX.DIC_AUTH (AUTH_ID, AUTH_NAME) VALUES ('7002', '日志管理');
INSERT INTO DYX.DIC_AUTH (AUTH_ID, AUTH_NAME) VALUES ('7003', '信息中心');
INSERT INTO DYX.DIC_AUTH (AUTH_ID, AUTH_NAME) VALUES ('7201', '管理当前用户操作日志');
INSERT INTO DYX.DIC_AUTH (AUTH_ID, AUTH_NAME) VALUES ('7202', '管理所有用户操作日志');
INSERT INTO DYX.DIC_AUTH (AUTH_ID, AUTH_NAME) VALUES ('8000', '退货管理');

-- SELECT * FROM DYX.DIC_FLOW ORDER BY FLOW_ID;
TRUNCATE TABLE DYX.DIC_FLOW;
INSERT INTO DYX.DIC_FLOW (FLOW_ID, FLOW_NAME) VALUES ('0001', '自主办理订单预审');
INSERT INTO DYX.DIC_FLOW (FLOW_ID, FLOW_NAME) VALUES ('0002', '客服代办订单预审');
INSERT INTO DYX.DIC_FLOW (FLOW_ID, FLOW_NAME) VALUES ('0003', '贷后资料协议审核');

-- SELECT * FROM DYX.DIC_ROLE ORDER BY ROLE_ID;
TRUNCATE TABLE DYX.DIC_ROLE;
INSERT INTO DYX.DIC_ROLE (ROLE_ID, ROLE_NAME) VALUES ('0000', '超级管理员');
INSERT INTO DYX.DIC_ROLE (ROLE_ID, ROLE_NAME) VALUES ('0001', '客服专员');
INSERT INTO DYX.DIC_ROLE (ROLE_ID, ROLE_NAME) VALUES ('0002', '客服主管');

-- SELECT * FROM DYX.DIC_SEG ORDER BY SEG_SORT, SEG_NAME;
TRUNCATE TABLE DYX.DIC_SEG;
INSERT INTO DYX.DIC_SEG (SEG_ID, SEG_NAME, SEG_STAT, SEG_SORT) VALUES ('0001', '初审', '客服待填写', '1');
INSERT INTO DYX.DIC_SEG (SEG_ID, SEG_NAME, SEG_STAT, SEG_SORT) VALUES ('0002', '初审', '待初审', '1');
INSERT INTO DYX.DIC_SEG (SEG_ID, SEG_NAME, SEG_STAT, SEG_SORT) VALUES ('0004', '初审', '资料待修改', '1');
INSERT INTO DYX.DIC_SEG (SEG_ID, SEG_NAME, SEG_STAT, SEG_SORT) VALUES ('0008', '初审', '资料已修改', '1');
INSERT INTO DYX.DIC_SEG (SEG_ID, SEG_NAME, SEG_STAT, SEG_SORT) VALUES ('0005', '复审', '待复审', '1');
INSERT INTO DYX.DIC_SEG (SEG_ID, SEG_NAME, SEG_STAT, SEG_SORT) VALUES ('0003', '审核结束', '初审不通过', '1');
INSERT INTO DYX.DIC_SEG (SEG_ID, SEG_NAME, SEG_STAT, SEG_SORT) VALUES ('0007', '审核结束', '复审已通过', '1');
INSERT INTO DYX.DIC_SEG (SEG_ID, SEG_NAME, SEG_STAT, SEG_SORT) VALUES ('0006', '审核结束', '复审不通过', '1');
INSERT INTO DYX.DIC_SEG (SEG_ID, SEG_NAME, SEG_STAT, SEG_SORT) VALUES ('0010', '初审', '协议待提交', '2');
INSERT INTO DYX.DIC_SEG (SEG_ID, SEG_NAME, SEG_STAT, SEG_SORT) VALUES ('0011', '初审', '待重新上传', '2');
INSERT INTO DYX.DIC_SEG (SEG_ID, SEG_NAME, SEG_STAT, SEG_SORT) VALUES ('0012', '初审', '协议待初审', '2');
INSERT INTO DYX.DIC_SEG (SEG_ID, SEG_NAME, SEG_STAT, SEG_SORT) VALUES ('0014', '复审', '协议待复审', '2');
INSERT INTO DYX.DIC_SEG (SEG_ID, SEG_NAME, SEG_STAT, SEG_SORT) VALUES ('0009', '审核结束', '订单取消', '2');
INSERT INTO DYX.DIC_SEG (SEG_ID, SEG_NAME, SEG_STAT, SEG_SORT) VALUES ('0013', '审核结束', '初审不通过', '2');
INSERT INTO DYX.DIC_SEG (SEG_ID, SEG_NAME, SEG_STAT, SEG_SORT) VALUES ('0016', '审核结束', '复审已通过', '2');
INSERT INTO DYX.DIC_SEG (SEG_ID, SEG_NAME, SEG_STAT, SEG_SORT) VALUES ('0015', '审核结束', '复审不通过', '2');
